feature_0,feature_1,feature_2,feature_3,feature_4
-1.2483245626171917,-1.1371738314183577,0.2779676839009797,0.7029521040147203,1.374166346773021
-1.2410028523903553,0.7208042530359523,0.9447490534952946,-1.6721473742675823,-0.6950376775841278
-0.8597277591722056,0.9552948772548047,0.7425217180738073,-1.4160555019047867,-0.8208913876434414
-0.5467814626514302,1.198398141355343,0.48992865552622855,-1.6921332519245922,-0.5731606890152164
1.0919588437080525,0.9051118635999502,0.06436127649551723,1.0880809399323168,-0.8921927838026137
-0.9833322330550659,0.9632412760351845,0.3147866906407636,-1.6234043166917336,-0.4380639788081338
0.6560942102679678,-0.6383346033670507,-1.3226634213788344,-0.0007666201268521449,-0.10664465483139754
-0.6927967255904174,-1.3551885732651228,0.9960112121206649,0.33524497323457225,1.7141326738899787
-1.3934392440562486,1.0921145332439823,0.7773501264652438,-0.9629073948803895,-0.7240046341417573
-0.08690424967952855,-0.782126656893568,-1.1858338070545489,0.10959310384611232,-0.6008084279599828
1.7501335357658203,0.8208383116989807,0.12460212796014813,0.6381251065795561,-0.9605498814320237
0.11654547952460417,-1.199280193770964,0.8499415051007905,1.3630568270674412,1.384971289850525
-0.4084871951542422,-1.2332865696796553,1.430339404017208,0.7916076086718599,1.4971683516796888
0.4865385128836307,-1.4606556027560222,0.11790511854208828,0.9427374845843138,1.5087490813523574
0.30113837263762655,-1.2989684675796882,0.9283014384776576,0.7595383595250166,1.621544958463578
-0.25849431668712824,0.9211659550576987,0.7136391856379819,-1.0513785440512262,-0.2381683055900819
1.1799335408174232,0.9442837703348145,-0.0347539828710606,0.6620876902523722,-0.6520540801790743
-0.4040624976833452,-1.2843560756715329,0.6950540485048694,0.5982460242589085,1.6413420602009843
-1.3313987165967605,0.9426530280003219,0.32769687595430685,-1.0294856727555801,-0.7455457118776946
-0.4406832719749406,1.1419810990189045,1.0063349152208445,-1.3351278019774886,-0.5056995755055842
-0.09731971890370951,-0.4678505462648713,-1.3006369731934755,-0.2880483346909876,-0.04664010426481736
-0.17707156380014272,-0.5580716252398614,-1.4046595817632022,-0.14190701352882612,-0.013094736234879178
-0.719365561477103,1.1859724948036032,0.6604535945803759,-1.7373157543757713,-0.5750787304654642
-0.5456593069310416,0.8427627113161276,0.9697586005036732,-1.2131949033354783,-0.8214426388834228
0.8160524294938968,-0.587512345004538,-1.3215821226772482,-0.7379368363395725,-0.3167636804931277
0.8686253066676406,0.7683022908271238,-0.3016194739297514,0.7327926969845018,-0.720028483629207
-0.49629055797100896,-1.4520982826418232,0.6296803048597056,0.801355923231846,2.009196770635676
1.3929948144053832,0.907672250021676,0.061382105755057405,0.5493851435169002,-0.6746081922547744
0.08802561561778341,-0.6049309379269345,-1.0986884785886926,0.2725341167864737,-0.4197073577655547
0.2876101944185784,-0.9124111438530774,-1.1849974206899019,-0.5616703501027521,-0.039272733164518694
-0.6788415511212105,0.9815335250767966,0.8070148457836288,-1.8296421895661568,-0.5819787633665615
-0.4072236621612197,-1.3596755332962722,1.29907000119202,1.2357221437266632,1.4937806034002852
-0.9246329946920028,1.0008512775064073,0.09076969166466287,-1.5857105627302348,-0.8590591247319403
-0.40054078155560313,0.9695443228212932,0.6922507193005032,-1.3473916229254108,-0.6658085727557228
0.16713301764599708,-0.4148256210166531,-1.9714724804559196,-0.1430675328358899,-0.34276180287039354
1.3316853938911877,0.8058140140842965,-0.4681914163840546,1.0393683928666355,-0.49224329587785337
1.424934501760065,0.8112990040562045,0.11398430612120976,0.5218364429568626,-0.45003594896372223
-0.6992741218531617,-1.4018408720381421,1.2518715771398883,0.5275605043058402,2.191764470157293
1.1163116720867299,0.9141299815252424,-0.22035585776646824,0.8210390081567037,-0.28339725466218413
-0.5404368974958891,-1.4053621664230747,0.6168264359838829,0.8008903956419413,1.66918718934293
1.0853784045257822,0.8102290960942496,0.11708031425488291,0.7297998795103484,-0.6321917411088933
-0.03025180179933402,-0.7068381221264683,-1.4432911838401694,-0.44930738954391203,0.2568136689464763
0.10226647866769167,-1.5286363569780022,1.0149340730278213,1.1781001554846136,1.3545610153466179
0.9854067900985057,1.0096284582742205,0.4514693682925168,0.05801037717449069,-0.9614263953241439
0.8731084299257106,1.0885262888434843,-0.04756601637040692,0.5032847132635749,-0.6870818473556048
-0.47018890591042006,-1.3111094746814522,0.8585679591314722,0.9967206258519349,1.6568724555909806
-0.1887796341659816,-0.6854036484177163,-1.6542267678470906,0.2342639900686033,-0.127311350323778
1.0841841674799786,0.8957263379442859,0.29971038310176085,0.6241901118386587,-0.6056742942394776
0.5043272336079349,-0.8279722307625699,-1.2557348906632784,-0.3500507049084858,-0.14109560867969512
-0.36098036133131495,-1.2650413449325812,1.0739401363639034,0.8258548481125004,1.6269953868445033
-0.6932804874028172,-1.232914605579808,1.0974000100004628,0.9785283005474054,1.8536597858555606
0.02129309316155081,-1.4115003455831077,0.6670420332415478,1.3831952446168208,1.5765991594940578
0.6282783529404317,-0.4187862447111992,-1.7634965823158175,-0.3639701954171652,-0.01120114139790409
1.1943099701728308,1.0367211946539627,0.161671921329464,0.7903281193058826,-0.7622109468450637
-1.2654916881323757,1.114247222947238,1.0632776900649157,-0.7383840969728601,-0.5490037627273803
0.9872645549837896,0.7525254052791895,0.39432846496886953,0.8958740965602883,-0.950877800004286
1.439911692938454,1.0340395708396188,0.1165701750781765,0.8634736340015895,-0.9600272585030347
0.2840621707249471,-1.255795276008582,1.1317134666162136,0.784440411226823,1.9319616971765134
-0.6042478743441492,0.8376911977961112,0.4427325785637054,-1.5200739261778666,-0.6142607899807087
-0.2913534355444463,-0.7443338100173483,-1.5548250042281833,-0.3408220574148329,-0.6298144439142405
0.7148689525279852,1.0291182401684462,-0.6134074357493653,0.6555536925533386,-0.5504875153184288
-1.3138764127299072,0.892293253855064,1.024445413244065,-1.5058152690726732,-0.26102722245816823
0.3527392046046259,-0.7082658055808484,-1.7096580743851875,-0.5240133160375956,-0.37837397335621326
-0.08983072986437486,-1.201326174374599,1.0287903119906217,0.7558880898922806,1.5898613459151523
-0.39819727274152195,-1.341245636848343,1.248566052941088,1.0150138735307266,2.0205604998445947
1.4728009535791222,0.8688613279281389,-0.02679726610014112,0.6814364952614171,-0.7630411805410565
-0.8391424130173075,1.053875963362297,0.7153930052552557,-1.2130563207401603,-1.2643628978078005
-0.2163074175248683,-1.0596867152103324,0.6659270161501817,1.3528408228928082,1.7723742274335568
2.1001632184300814,0.7694104937387662,0.14514554465081445,0.6021523266124351,-0.8939253935992517
-0.1811092061803983,-0.7511677999085103,-1.4842943873475627,-0.52463945581104,-0.43512011911002746
-0.0862437131416277,-0.7908610609928163,-2.389559696467251,-0.2568363869345546,0.3272143207540873
-0.785762287204717,-0.27612413441592737,-1.1280072485939245,-0.133047458859003,-0.2104730819907448
-1.5413968619510436,0.9735054431270409,0.22753506615727567,-1.332916041867552,-0.34174863363433455
-1.9861368946488889,0.9018692935813182,0.5756847491687118,-1.807167148529694,-0.7039116507113121
-0.9928205537154796,1.0482445860784728,1.4041237758850136,-1.7044761382746338,-0.473127054215631
0.24354078060780265,-0.8005162428690314,-2.0379198897215556,0.0446428606891817,-0.11648905462118703
-0.5750987773232943,0.9138908263699673,0.7171452647455819,-1.7340445459777665,-0.96295190082614
-0.18740343752428099,-1.2985880813447033,1.2205758036595316,1.4717912754270863,1.4966688527077647
-1.6163678111765192,1.0049778036031538,0.6377097007504241,-1.5743718545191994,-0.7033190624788339
-0.13099365035436444,-1.021759993692098,0.644233737560027,1.3299860620670394,1.6612763072562968
-0.14605027688618988,-0.6334693606839276,-1.6158556783016444,-0.014019753150986492,-0.27905195243916053
-0.6055894119991817,-1.459663646754267,1.4404436464137975,0.558170336202026,1.4021189128185603
-1.0174120126479484,1.0705219641411712,1.0361923799613977,-1.389723705827428,-0.7278815628191634
-0.12483845835503611,-0.5208580416451648,-1.3673258207207244,-0.23181795035577638,-0.10095067806925316
-0.3327422609950073,-0.5874698884150665,-1.6107745205574087,-0.019513297702563825,-0.3170775105722532
-0.3204578732980287,-0.7489764091874601,-1.6020957647154368,-0.6019203751242694,-0.3770332638696053
1.8792479817441303,0.7433857945396073,0.013238851143869034,0.8742305917702411,-0.6174127750076824
-1.1759342810859525,1.0249131189445504,1.1821961176745235,-1.3604347662516425,-0.5580114020084287
1.71391421768307,0.9703002956840742,-0.48546081046371325,0.848322808320754,-0.703814069476094
-0.07241670144308024,-0.5773340943919645,-1.9471014687080577,-0.48555164987067145,-0.0955706971579618
-1.271554735548022,0.8820838744490436,0.36100336748153433,-1.5798586984091163,-0.5952583582331644
1.075584836520547,0.96278015265488,-0.030839295304176666,0.4550376171216871,-0.7098130514799285
1.4891704135008101,0.9741461348743468,-0.22787959855443482,0.6558207013714896,-0.7372121072997807
-0.18953382098740829,-1.2653236433332624,1.0984223315950579,0.5056294028311628,1.5620660449308617
-0.12308880311593189,-1.2492101735748233,1.4344985392293947,0.7827790504722665,1.6789509000960388
1.599091047650021,0.8610872801583523,0.14780554737248908,0.5685008469655642,-1.1810737141593861
1.4127202084864363,0.8564655018997274,0.02347035720148621,0.7630085602201601,-0.8359282037771163
-0.9414105319437565,1.1104571962450425,0.6801184184423439,-1.0706759520226297,-0.9240918177647944
-1.154655016264782,0.9715066818132079,0.8833581736658503,-1.448477237151359,-0.8391691764543633
0.2328265254448216,-1.4331995372285176,1.092802822032959,1.020775393189085,1.5533090265608367
-0.9523859047636906,-1.3110669646683273,0.6467452634894192,0.5119560713103458,1.5568964742118487
-1.375813663131102,1.2601911440139977,0.438112732373818,-1.2904345747076889,-0.6100919206377193
0.652197412265235,0.8180528854763149,-0.7033856941214565,0.6915364621907151,-0.7837639042740575
-1.4454341266176123,1.2422628574101957,0.6968984088490096,-1.621346911063074,-0.63506672951414
0.13568386821689407,-1.2728478123037836,0.6589645699273604,1.0198940608556286,1.7038933683393875
-0.1746300296858722,-1.529192568865253,1.2039969853411574,0.914790558755482,1.8356234951019423
-0.45157558719344,-1.0559321897945388,0.8705181104851978,0.38371826743027093,1.6460650157963483
-0.2969997118301319,-1.0929230400216021,-0.03974188476242839,1.1374129209806596,1.889680774749053
1.404554588124281,1.124697824944253,-0.14340642444035515,1.6094000608559553,-0.6514401458351381
0.3053321944960204,-0.7438860528551171,-1.6908536343011262,-0.5284966424513928,-0.1027409349852697
-0.8976328052212433,1.0986439746595587,0.4460052951460139,-1.5621219074355555,-0.6137337185140695
-0.8307666744580414,-1.4482199332120875,1.1436583387015853,0.8623118323404891,1.5780589320531178
1.0793407717238526,-0.5119444165723447,-1.9672539394890753,-0.5949242390183839,-0.09350934470409847
0.864680225588605,-0.7649051643418372,-1.977703067663074,-0.10896907419794177,-0.041277828608569406
-1.1113026745213577,1.1101870561179412,0.7494012313035493,-1.6951887250410496,-0.5965357246490594
-0.44262601895815173,0.8540274179409808,0.572155229362668,-1.594899354006303,-0.6083237982255124
0.6070376807357905,-0.6643927634298807,-1.4157677237230746,-0.5763101243812653,-0.33282072099206306
-0.5087832193478153,-1.2215515831250474,0.6919865290858066,1.0003840091456242,1.6623685085176845
-1.8703705204377403,1.0547351446936835,0.26460638896828265,-2.155498625298787,-0.590635877236058
-0.0924662917467218,-1.374236403637778,0.8621573413867013,0.9094937516932636,1.688176140260208
0.062465422813682454,-0.7350947360934739,-1.5909142335799018,0.3002974000043186,0.09358445362652412
0.6368486350639467,-1.4533755322903839,0.3108506356780498,1.116813712775579,2.1497891326625713
1.7355567518330217,0.9845832050565624,-0.23583475935914117,0.9499456193064642,-0.7666235259948239
-0.0554025485434965,-0.7657066361356931,-1.6035724728066056,-0.7655941984712811,-0.1520331219007276
2.079204721287798,0.9419492066168424,-0.41990486888277306,1.0423622430724033,-1.0538076884139602
-1.241210823467882,1.0437157897370715,0.3398710448876946,-1.642902424302674,-0.5178979440665519
-1.390744436918301,1.064498059179777,1.0810229446402186,-1.5058272431518525,-0.6080129943485549
1.096991486215444,0.9035954105749485,0.0928348464660122,0.6281246982146776,-0.9669449188522288
-0.4558884603530565,-0.9996892484293164,1.2268118896501439,0.7141903887203923,1.0735123500832608
1.3605265239301572,0.814670051330338,-0.24416369866063609,0.4386304265844467,-0.3596501748883055
-0.413907851856686,-1.283309849329891,1.6314221091842411,1.3274698540316587,1.7132281273438115
0.32291920717143735,-0.7194090491858183,-2.4041612345161236,-0.140305894594127,-0.10334294185982694
-0.10956136479301402,-1.1578618187345564,1.4651871331711217,1.1143633234569894,1.2170109239170632
1.387053123950704,0.7980479161674033,0.3473115925137751,1.021262383118982,-0.6154060536891303
-0.3594914638790768,-0.6076545416932044,-1.3199693770917733,0.11705168722138973,0.402837747854537
-0.3405327964248862,-0.7920579327029245,-1.4239378440655777,-0.1790334041572743,-0.35578291330062817
1.3441103997713877,1.0169174473444442,0.04683408733012559,0.6105021174946547,-0.8331286773605846
1.100544664375931,0.9340259730232713,0.06780891882695582,0.8792530689546624,-0.6075284344592564
1.5307750568858653,1.127732354891066,-0.23182877397587107,0.554984134325172,-0.8971137336702162
-0.7022714569698489,-1.1873149131502299,1.1095673555574745,1.4576668241263355,1.5510831657594548
-1.002554470648411,0.9826724236985226,0.8189142229067077,-1.4929176047101789,-1.1057777026140438
1.377951452055739,0.5398647193307009,-0.4082866990242069,0.7211027714176479,-1.0596779991241974
1.963940282602002,0.9391676981581588,0.4943795000907166,0.013755755594506477,-0.6086791453159788
1.9985571204602257,0.7654773335705112,-0.20455535944702116,0.8356410128707716,-0.4737139591422987
-0.6108349581483205,-1.061995027936645,1.2107436165959096,1.1912139633133358,1.7754075199181971
-0.5724710432819814,1.0214451922959291,1.5563725998625784,-1.343200966526426,-1.0589922551455373
-0.9933412665712137,-1.3598716843252303,0.4232237067805871,1.301912836611118,1.838196317752699
-0.05829206253034446,-1.2187344705234269,0.9754031392512522,0.6468155359817981,1.4717987898646148
-0.052781058164050626,-0.6183542536415272,-1.5321899150712488,-0.12046036172592084,-0.3254984488094771
0.1520208793351071,-0.6057036354796461,-1.6796037702330564,-0.8432047904537854,0.04056588022538389
-0.8969557107036379,-0.6837218044672974,-1.0001602554785192,0.07701217377374882,0.011855503173582358
0.17979742618284253,-0.7249584922134878,-1.5331405451000748,0.5904138749667355,-0.5260189488658051
0.4266150733510093,-0.6955698885220578,-1.511359879371268,-0.6572717679662954,-0.08645162376523484
-0.7059199767775383,-1.2912733155889888,1.7839352831238098,0.5711050578202356,1.975325086887429
0.2119710034950717,-0.4207886844392447,-2.0415747356439766,0.28349221216458514,-0.17577141688093315
-0.16258246948408117,-0.6752327644622393,-0.7641332769759304,-0.27356938798653674,-0.2765961012392117
-1.2678814741057718,0.9021596669224747,-0.0014729642537674333,-1.5368896961042553,-0.7018394737588354
-0.45763254957167065,-1.3697682411376606,1.196534721962165,0.7231194782794077,1.8900418204214715
1.9409490080896252,1.050469529326941,-0.10689637031366346,0.7908915001730074,-1.0062354927394808
-0.8181068439632554,1.1318085471193768,0.2689297124110321,-1.6349408046116856,-0.9162505576888857
1.045849660592152,1.0290922385502248,0.3178861013158414,0.2710367981332451,-1.0456176265331798
-1.3102652993787591,0.897758087213141,0.7605755895778342,-1.1116373472658698,-1.0839229239113495
0.4559213549830415,-1.2004459626560997,0.6853775354843737,0.9823508364433233,1.9230794230863268
0.28495634933251657,-0.6983288905552726,-1.7045236637905519,0.22527036625251648,0.18040698833031416
-1.5072920791172075,0.9112872472121788,1.0083913556427464,-1.612219255027422,-0.7632676453734075
1.1824942214484448,0.8360029190129477,-0.03421670104384759,0.5482738003957426,-0.7288429801559466
-0.3433392154187795,-0.8534177898037626,-1.7228325880134043,-0.22468698686948788,-0.5143990381421127
-0.14001558255512705,-0.7065724849885271,-1.0493563078384074,-0.03310827705816416,-0.440705689975954
1.2474570516318955,1.0224564260286537,0.7405436736373159,0.850918111426099,-0.7336884108338746
0.153823440154008,-0.6646093552712538,-1.719856152678581,-0.053971146094012545,0.19466865826380003
-1.5630565338184408,1.0290488076997273,0.9163893610746476,-1.1455579497087796,-0.6971341153063597
-0.8968885322745841,1.1646331376317962,0.843776000142427,-1.509089986803163,-0.9611680539299963
-0.3332670884564986,-0.7753288444670449,-1.1038186057685966,-0.5551681336952607,0.15943852125996066
-0.028494064649354268,-1.2707062583156463,0.43720373106243504,1.1089538095139078,1.510557194869925
-1.8455138166383767,1.031711600603899,0.5978336759546613,-1.6514420079435597,-1.0228066975026608
-0.3927597842179468,-1.268302189141795,0.7233468292621978,0.6814209331029027,1.5507794277923623
-1.6459217886244826,0.9654163793656295,0.352761242563945,-1.6856523786052533,-0.5470545348576373
0.10552916652705205,-0.696194865028191,-1.7694616651820811,-0.4060982469075404,-0.3981558663648343
1.4862093484874253,1.0396575159667965,-0.5666431191917634,1.1383442185992227,-0.7140166837915323
0.4100292442883132,-1.2280786398829555,0.6387166841536364,0.7945901319239304,1.7398134794329465
0.28332261132468983,-0.6099696697875763,-0.9123895637160665,-0.2014266760356849,-0.05278785776617055
-0.19671196831766738,-1.236977610604963,0.6963318830399401,0.5786859369816028,1.660826214311626
1.162621273198325,0.80890173592482,0.5370884412527548,1.0600206450372067,-0.7895146905299931
-1.8578167473038176,1.0589046892233316,0.9139749174854853,-1.684453220981467,-1.239915919153994
-0.07433896452059048,-1.4361807063986776,1.3878879598660188,0.7867067752510408,1.8616166805069985
-0.3075068272567874,-0.675363024626847,-1.7457514745906721,0.0040526059347461155,0.12556994489802314
-0.832963736941978,0.9696596819184027,0.38580466507719513,-1.3518665305536703,-0.8710922475245593
1.6250630128275225,1.0379935693878273,-0.23609308955534103,0.6245109278141697,-0.8477130676327406
1.7013187396053517,1.1799147466528626,-0.13668838292128468,0.5713464559920093,-0.9816087552159279
-0.07776124511665611,-1.2233780757617418,1.0831686452647664,0.9450365969156662,1.75820391942601
1.4233635052479898,0.8093755051199553,-0.30052453389305195,0.9996475448017701,-0.9469293471702993
-0.23894812908946111,-1.3481567561450671,1.0236780604559936,0.8000089478642286,1.8585673019184048
-1.1350549917314912,1.1555880820763003,0.29836410718250866,-1.1715711532604942,-0.3883013473072737
0.9460695343691843,0.7791408042863883,0.1308412402001877,0.8853171746095202,-0.733193268751745
-1.3990228028413256,0.8895311519329775,0.6481188374557721,-1.5630371492612503,-0.7740713807639187
1.6054823273574739,1.0785466447091938,0.3162744886368351,0.38490611018837234,-0.9921359719866608
-1.080933106971838,-0.5852888045416356,-1.428306826288699,-0.2053449533794996,-0.28317216217504565
-1.5633928153189103,0.9285744879324723,0.9423776568486119,-1.3488115324471368,-0.7273748081709478
1.5251422276047044,1.1773458388078926,0.28023165691478635,0.6241865899682636,-0.9835481795652903
-1.7183697335254635,1.1784761563498187,0.536792962279641,-1.587136066206354,-0.38588714019462883
-1.4030511356710014,0.9653916376417675,0.06236433250167497,-1.752989235979169,-0.4650619907858548
-0.5843225758262722,1.0406188567041181,0.23235051100346332,-1.3793297356776835,-0.4145555544820304
0.7714043806591754,1.1122829306619035,-0.0910681112200555,1.166451397083606,-1.1352142328435884
-1.00000152973823,1.1391580760477418,0.8999585358180585,-1.2145499176182752,-0.8402207423098653
-1.098864229707341,1.054826541508531,0.09801293722863945,-1.24473299184168,-0.7805721987176248
-0.21798247855625,-1.1953812013501313,0.894392393382916,0.8201463148118235,1.82260871958723
-0.7630391804277865,-1.3664672267745008,0.8686256144580426,0.883968124441906,1.5655831672807348
-0.6417104874952959,1.0700349209374485,0.29221243328423957,-0.9581535865401641,-0.4092381440618058
1.2189517639744623,0.8702131804568313,0.24508013982581814,0.9032552574363863,-0.9387671993521932
0.24680262774465553,-0.8101002880543804,-1.2638916674721794,-0.06152547541442501,-0.5745765447502369
-0.017404466469821307,-1.1473999382357811,1.2921942918988043,1.2242640214070357,1.7595085560469665
-1.1957295204133103,1.0458840272818415,1.0644143674418718,-1.228442868911115,-0.9988794055299901
-0.4028308297535935,-0.7152157503447646,-1.253702276801855,0.05396959702020649,-0.2625687339087034
-0.7325827007123912,0.8835547686974111,0.987296759335866,-1.3845315916403687,-0.8161272570997642
-1.132127699778793,0.9457336916305058,0.3607558723684378,-1.486442451395625,-0.9089363685301746
1.4763970430211153,0.6995137467292812,-0.5142060651420056,0.8553988305023137,-0.6268604114425601
1.0081802120402,0.9258942969749898,-0.009192682505699913,0.9502956510022831,-0.6327115833681175
0.37591657437654086,-1.345408851128678,0.7380209819987313,0.7270533931330829,1.3251850927461641
-1.8871127085376398,0.9230996222630512,0.6816657330692535,-1.464416078092206,-0.8992473828952403
-0.9734137551739495,0.8553846868929098,0.5389794831652825,-1.1496922061425838,-0.644428750412808
1.7017260452834013,0.9527638063829625,-0.5008788604309249,0.40958538542115747,-0.860947209673518
-1.1722744807505912,1.0557252163158073,0.10451346563831704,-1.6702721607220457,-0.5022340701020104
-0.7664143057944564,1.0140044027539554,0.1971546648739638,-1.3927509083634166,-0.8172450289896418
1.8245827970634736,1.0422482680513887,0.16646570482402737,0.9843326277045041,-0.7904460534098313
-0.17803133135364788,-0.7744708888757588,-1.2544200936861496,-0.3168936010922024,0.03245618451186604
1.0282770375108365,0.9827764643172029,-0.36771652214621964,0.37455686598329246,-0.4684023731616912
-0.5055768720915118,1.1836968847564011,0.47885790911519643,-1.8467415274462096,-0.6446097584494453
-0.5920860199387189,-0.6439814002737462,-0.7906709832925993,-0.1977226111719224,-0.2399221215274594
-0.10551901231385691,-1.169454359953805,0.9132075135222999,1.129635829911783,1.5054294379899655
-0.5689887959329987,0.8205562617862441,0.08672688865404633,-1.0725763391897492,-0.7209229278292889
-1.1430028433121342,1.192289386976281,0.9619785215814225,-1.5924243767315094,-0.8695068097898792
1.5835228706855728,0.821856151393051,-0.016501549755481675,1.0210992574496378,-1.1515523763375122
0.6517911268046958,0.9100704542479092,0.19903745387387622,1.2455000304678492,-0.771631630613026
-0.217126759921158,-1.1896349143356977,0.9026301286231326,1.0301782920367517,1.6005614738689904
1.9619970929741846,0.9300822698548443,0.08892308494726603,1.002798916036422,-0.8752061179867441
1.1159580806668732,0.7885834755229686,-0.6712848900826325,1.2436136914576497,-0.6451865855166221
1.0364548118959658,0.8730866483713352,-0.016390309551676238,0.6461279483075283,-1.1256777043390407
-1.2527730400519992,1.0796638351228989,0.9828497669679729,-1.7470486208077864,-0.9653947338988483
-2.2684038644004354,1.0458368941440106,0.9644523776482513,-2.2182621928404225,-0.8953371658902751
-0.20350566836175213,-0.6470610727078397,-1.3212549977433183,0.13414056756528392,0.117126721330928
-0.9843615541094914,1.0063506515222662,0.31003469198358924,-1.1546304753528693,-0.7098545405414332
-1.421244902853953,0.9868407947402991,0.49961904950232605,-1.719088993422839,-0.9817561689822946
0.3042804000596455,-1.210029626543552,1.0918803884544663,1.0662677683102069,1.7835259750624277
1.1799270768536125,0.6790561044596137,-0.23443835194816665,0.5697339038829295,-0.7550055484473771
-0.012120867766259773,-0.7768500441399083,-1.5530549579999582,-0.4223422839997087,-0.3456373238933182
-0.2916253959341,-1.3269675521557875,1.1323954997775882,0.9440071063807106,1.5394931470356692
1.3813580322357033,0.9138647164007642,-0.3675559989087752,0.6242261306372883,-0.6231724138296987
0.10241070260532346,-1.2230757609270524,0.8600558996080901,0.3149353820871937,1.7117669632025994
1.4317145032994554,0.9063831072924051,-0.019141364583333993,0.20265922586528193,-0.8356454234055836
2.1610465315378797,1.0521468792270157,-0.16480193438891502,1.1555140688985441,-0.8766998484481279
0.4604824507592068,-0.7798220001586279,-1.7241373778845535,-0.37774679062971084,0.10098828640148215
-0.022523602269818685,-1.2572508864035605,0.585252601698951,1.0205175571629135,1.49271470457316
-0.08707505454376803,-0.4859613958949655,-1.9629067716778485,0.00729969182881226,-0.3305325702554018
-0.7498025811458869,0.964865826500144,1.169037262042738,-1.4677594950803916,-0.7487632170669006
-0.7503906860382906,1.1809653711198858,0.9973566058857509,-1.6411579484170158,-0.5873342634804344
-1.1865099030357562,0.9903185252045492,1.027893015069292,-1.3703367417963517,-0.6807633957270842
-0.19836427948240523,-1.2832812597904677,0.9535814720653203,0.7681177485012936,1.493145249303436
1.6499271493956562,0.9049805190106515,0.06188687873285272,0.7576851768623196,-0.7666413037912215
-1.4422639926684124,1.1209957838311544,0.43814738236646295,-0.9665451527440487,-0.5275851026453289
0.04405153558243751,-1.4201338760983242,1.0178464093686337,0.860993094843117,1.725458719108913
0.22347324118381004,-0.5170262823184153,-1.5448196010469106,-0.33427762554784535,-0.1983962529518985
-1.0750757734950094,1.0151850957143742,0.896645838495125,-1.6423131829174833,-0.5635005387773879
-0.13784439337744928,-0.6491326477226284,-2.1154863474829275,-0.07764308073073203,-0.4228184839397852
-1.2587709440415629,1.0001809051267423,1.0543844090821959,-1.7892901493134155,-0.6233675947659976
-1.2472631899215676,1.110154407881923,1.2114164296115015,-1.1192678744333895,-0.31795021220989633
-0.3477510148303259,-1.2766952360298955,1.3302516446276866,0.868357936205705,1.628269021678789
1.3169702812310635,0.9520425735803363,-0.5478724706290983,0.6339043187445168,-0.76360659575497
-1.2658256951946387,-1.0201263988912972,0.8358512393240874,1.1423959426066785,1.3915474680492599
1.9687510402363761,0.9580401916790998,0.36002838761856903,0.8167493280725491,-0.33872614308880555
0.13592834220678118,-0.6706398800628122,-1.103604023319119,-0.21511169850780562,-0.584867360639607
0.5419838371381215,-0.6226957177073131,-1.6053493687008022,-0.19996624235071722,-0.4709838093021133
-1.292049034347151,1.0834883699438407,0.8638433198571158,-1.7917062349745494,-0.4386668190987825
0.23193146142521948,-1.200709134887829,0.4860103308503055,1.299347923359787,1.3683535708142354
-0.25092485474789955,-0.5182439618440596,-1.8382851616539257,-0.33852527421660195,-0.09782502816118802
-0.21067675390269602,-1.2114521161247838,0.9625868874285991,1.2188798124304723,1.645437462956707
-1.1518510952727705,1.193841263378679,0.761936985751721,-1.587590409512176,-0.7388975457069458
-1.3336027342554,1.2065829916420912,0.5099621189772114,-1.4450444259773167,-0.47209184293739254
0.35665422497519195,-0.6563664890218237,-1.778003613864279,-0.4479034106545079,-0.08465185432748897
1.258536536935023,0.8593061430757989,0.16212726661108107,1.1046515224724613,-0.5848450050858806
1.755086341481532,0.8561755536866728,-0.1653732375867194,0.6794061827001897,-1.106687445975768
1.6426562922592334,1.1412012475167752,-0.4826983575932826,1.4339553186139729,-1.2131508560641493
-2.1336300623624482,1.1078430501886365,0.17273285349325943,-1.5793466825908573,-0.9302855851488531
0.4099339210784172,-0.5489608877193619,-1.7656655629227798,-0.07812134076354252,-0.4102420348047361
-0.7594514700275548,-1.0875027079880064,1.5106522408629708,0.628144543460812,1.533667319383473
-0.8994407498036135,1.0902996579772943,0.03966937475374741,-1.1224276028934776,-1.037578373109948
0.0993495839736161,-0.49749686883600264,-1.9525220867255788,-1.102028797484103,-0.15844920898113066
1.07067081451634,0.953073561921226,-0.28722631993494724,1.0879538260859432,-0.819822219262439
-1.6909753582305296,0.8704201707380567,1.0678198543924806,-1.7084730967798905,-0.903439006116699
0.1744364104204467,-1.2505299373354055,0.7942040988609279,0.7525825460364794,1.6025477654167626
-1.563770288386556,0.9070275465140122,0.8284694012000042,-1.4585218437403267,-0.5989051195117243
-1.421844100484343,0.9537757239806677,0.5139574292431699,-1.4612606466839078,-0.6403196647462229
0.555436293790409,0.7548826637338262,0.4254271694265818,1.2881141771013147,-0.8420440755563252
-0.5084394530505768,-0.7450649914871215,-1.1955280036440359,0.08505316781366079,-0.08670643016572438
-0.6925394531745952,0.9109864911597443,0.3706569144763036,-1.6564343094057694,-0.8830467582115782
-1.4938109574564906,1.044279919141598,0.48409117420035297,-1.5165020501091182,-0.5562707246359716
1.479182901852345,0.9493074613011332,-0.2783143460909452,1.4372155993685929,-0.6496420487665998
-0.4532846478518044,-1.1755567189331888,0.6569817261298933,0.6779286254728712,1.2064061563962842
-0.6783652625758658,-1.1356713774604212,0.7214550839152223,0.9147951622431048,1.6079258567404364
0.0028425710117042486,-0.7858271782991745,-1.6381149127365455,0.00532746589458006,-0.1754361636716428
-0.4355172629273632,-0.5281831454503291,-1.2467838169964083,0.014849870811517611,-0.10296439675735296
-0.17559464505533492,-1.213162960720314,0.5635261830050213,0.8618622316941863,1.3100919902311077
-0.524703080244501,-0.7002115776237484,-1.64585777312336,-0.0238861986473197,-0.5467536699936706
-1.5833395739694567,0.858437886885951,0.9806202450788695,-1.0010272633127268,-0.6980700565256808
-0.9482008165901273,0.9099760381808814,0.011044873864954376,-1.3594287043632143,-0.3759801316478854
-3.711702350914716e-05,-0.721355348564327,-1.5344171101292061,-0.22615864557319154,-0.27913926640334435
1.9608275106410087,0.9239474598620881,-0.1999659319735944,0.49414226440954834,-1.1483821335600286
-0.12199447004614886,-1.3399138774390744,1.3223387720768773,0.5439330299163039,1.5774295497658666
-1.2057218021870475,0.8788800152151053,0.7623832609682856,-1.8644977950818835,-0.41650627871366075
-0.28240971890185584,0.9906982262652132,0.9416352927606706,-1.4877316942743426,-0.6968585887093767
-0.28216175522438186,-0.7628069406952234,-1.8238990084532332,0.048104682694015535,-0.240747357683551
0.5183203340408324,-0.7417895809218306,-2.1469711028299523,0.10130528842940631,-0.3476968823079891
1.9426318668099196,0.9532683587546268,-0.3514206571130977,1.2517055206266468,-0.6703451636153589
1.6114566511178359,0.9183371238069871,0.07826629662489865,0.6160942333099518,-0.76890888198676
0.21934458319113023,-0.5570820530428449,-1.6538230043878372,-0.3402099566583382,-0.14057459008961548
1.8028189621925699,1.0464529730303263,0.23249649719397336,1.186669937989394,-0.7832005140906364
-0.9639971540428841,-1.322964706165836,0.7550162660844061,0.3906697130261244,1.4486585296011323
0.28540156569713254,-0.6693938732584457,-1.587858565487639,-0.1930413673518503,-0.07929025215748699
1.868435445727637,0.8699382995263226,0.1396118195423534,0.7361557055968385,-0.8352116394337175
1.816313161488807,1.0624709044865397,0.1759738949835139,0.7023667698074929,-0.6223927439964336
-0.36848340376202826,-0.714826040626438,-1.4089692892982302,0.39658006320727185,0.4791615059926277
-1.219097311425546,0.9032079954808013,0.12153856390643042,-2.0509879477489394,-1.0205040478968044
-0.580001385825957,-1.2637119087281692,0.6404219463615048,1.1683521172237614,1.2862371939193695
0.9775987786510977,0.9904313984018738,-0.2605465555294329,0.7094114716865102,-0.9188934373203729
-1.3609253507475434,1.15103115205482,0.6729531778103337,-1.257362282695845,-0.5696832079339572
-1.0773440818924087,1.0156690044526824,0.526163854953439,-1.4110395890243208,-0.7396798623589321
-0.13350449670127829,-0.6894660576602878,-1.0175577808633238,-0.8606911190232777,0.13563453123875863
1.0367964897007238,0.9279612387709973,-0.03170527474050963,1.1235342129810453,-1.1565771681954486
0.6781039555745023,-1.2874535833143668,0.9546324033699833,1.1252056110254418,1.8590519380310428
1.3900601275605735,0.9511334597428651,0.8076760038090879,0.7390935573335966,-0.7220681411441096
0.22015438388313843,-0.6898154696686778,-1.3098461488375186,0.06548989015955915,-0.2683869966551325
-1.724409975544448,1.1059631617833876,0.41634679430962446,-0.9524147895804461,-0.4399598898165909
2.0436479150617943,0.9126170070108033,0.2876046013538304,0.9894215717842431,-0.48954309584484146
-0.3933344054511712,-1.252398643149513,0.8787933412711376,1.1663639975201059,2.168786263069603
1.864490950490038,0.8554759202334309,0.103603943773893,1.0280457793750577,-0.9897619700475409
-0.13435665942321437,-0.8321808392722645,-1.6403563317462768,-0.12197889051491148,-0.4085210476383079
1.2245797852740141,1.003297250395935,0.06519757455016627,1.1066058959341787,-0.8989135044202603
-0.1237187687720547,-1.1718913380076774,1.0573387607382372,0.8562021099245349,1.6976777076217078
-1.3672693378179197,1.0165130127806452,0.7480637068724321,-1.589548084820108,-0.547465202899572
-1.4205163657385478,0.974759915122486,0.6544163841757525,-1.7467225700347253,-0.5340450489160672
-0.578063761017684,-1.1920357708968643,0.9695203468027165,0.6426998201011254,1.3391629751575251
0.14154612437029718,-0.7303963832092679,-1.5051181217401173,-0.7283801990698421,-0.3498941044156819
-0.8155134651853558,-1.2305446206356647,1.110164160469166,0.6668715804262014,1.9611327993561307
-0.21515747892922474,-0.6371718958418375,-1.3219863353553662,-0.05871333784148174,-0.1819601196026734
1.0662203758830398,1.1183771539679732,-0.5398893846803021,0.9719352837559381,-0.31046193619270046
0.22177086316698577,-1.4149444375682003,1.0992652401721257,0.9884820566650989,1.5506978617756817
-0.04871221497848848,-1.079255394255396,1.0426439975994601,0.7382971807112745,1.8282314510503108
-0.04741490706780363,-1.4007325558558283,0.8678846143824528,0.8101782548731897,1.3657344828852003
0.6580381966391933,-0.5126586068266142,-1.4231038429209273,-0.34666257027951985,-0.022633691743759447
-0.672824899206282,-1.3581098645386984,0.8936158358247763,0.9659388152308946,1.46000556980186
-0.10033200792873358,-1.2672956198920682,0.8626960821452128,0.5859591249549807,1.556989131729141
1.7297604585335014,0.9819109729058441,0.23227074022616925,0.9847161062297799,-0.9684211544857603
1.6884896373234144,1.0879572298670892,-0.3372648037544603,1.0844446657937137,-0.6978295722193796
0.01950405503124177,-1.2570300232212528,0.7288700316322976,0.869251668203594,1.8521019745098286
-0.673137555966545,-1.0616806449140064,0.1586541470029355,1.3181806640253029,1.6641323444714968
-1.2068621649216424,0.8751969556821916,0.4947449108407075,-1.776575462863588,-0.7129959929412606
-0.37640768725123946,-0.6699285007370621,-1.5569902749455475,-0.13242920910355224,-0.27903377743003627
-0.9501454605380844,1.228123459682681,0.6030525645200887,-1.803387077457729,-0.43406929816442097
-0.29981693548086785,-0.8236515282099867,-1.5777926968846623,-0.060399816464552614,0.01663573446779231
0.12488504898274093,-1.2011524085937422,1.2504459182578838,0.651318654640365,1.9052194723702727
-0.8244534338930695,-1.2925261917627242,0.5398467302506926,0.4814861543247165,1.6573503582223215
0.004802610198537977,-0.5831760339931704,-1.2898655357702282,-0.3055470346189548,-0.3235031001736763
-0.14439309588274357,-0.6726514926034354,-1.48734995636315,-0.7733808553084531,-0.20152663961386105
1.3877929714135393,0.6860885527935902,-0.08220549165470475,0.40677929873137797,-0.6418511075705768
-0.15251841506518232,-0.7322804815399903,-1.4430830816023053,-0.4455055806763474,0.045769052216560364
-1.0872636567967016,0.8978035996789597,0.5006456946606411,-1.1690111644041878,-0.6506274405707343
-1.656922614494587,1.0280230993798267,0.1763228672532968,-1.3728074156818402,-0.6830763739669303
1.379396903058811,0.9785063535146609,-0.44353572129261176,1.5274002010336187,-0.7596192056925808
1.7197543805430597,0.9664695405427102,0.7123413877654474,0.555042498055653,-0.9707586053531064
-0.12729332201897633,-1.2464453153010846,0.4393805801207666,0.48821927683794625,1.8476394810395242
-1.4709255085138715,0.6894659984376619,0.9575179193849123,-1.2920037920435068,-0.7366130722550309
-0.5785932559912815,-0.8073564307533982,-1.9124637886444917,-0.15704102137934037,0.17901572573141508
-0.5623426148894507,-1.2294197959829278,0.2909131255268287,1.1187814682167392,1.7211324425142358
-0.07477693576228824,-0.6858387683069975,-1.56415643834487,0.13903254521077554,-0.06917117576029727
1.3007948159331322,0.8217056117267979,-0.20603669500339808,0.9093167135550368,-0.6228243313003193
2.084155200233541,1.0026560986045783,-0.46648194036974855,0.9927616194148045,-1.0001672871451615
0.035799733759557036,-1.4766477284732962,1.3993152291246063,1.2236461813328772,1.4818357282760894
-0.34611220551754746,1.04045022699925,0.7162532995091875,-1.604552010877952,-0.6462103594019654
-1.2376447428902955,0.8788543810347786,0.39285270386540294,-1.1428208225885435,-0.4375058100131905
1.112486632801607,0.9035112415522548,0.23249914043956682,0.42877360179450696,-0.7382123007081182
-0.0986175878023756,-1.2386125860463746,1.1141207586762576,1.4119331956446977,1.5795921489330798
0.2635737313915362,-0.6026940854356655,-1.719854300013867,-0.07068974489561003,-0.02409651652496029
1.6180902270877942,0.8417045151874735,0.6783774023104482,0.4959611469679031,-1.052357509692851
-0.4505112461086332,-1.245521585588131,0.5932752955273111,1.4522566079805916,1.3593642505663368
-0.36938041143400246,-1.5822195108222432,0.3322911997847581,1.0384777415133077,1.7893814761357107
-0.8617421829461624,0.8914021903712291,1.1697214643292526,-1.5931991889656985,-0.6799659294938627
0.8027997267321824,0.9496205199162163,0.03941851927647455,0.5263508170182215,-0.6486236745755672
0.1023489737445947,-0.6020781919753735,-1.2712471104365834,-0.033731782009041845,-0.17899104761305568
-0.1047169653152441,-0.7018444258875773,-1.2206383383984358,-0.09814221503212467,-0.0741707724493236
1.2308222687683825,1.07531665771625,0.06866879988181042,0.26975169549779665,-0.7171572539304717
-1.0084572852586793,0.9250957462023616,0.24140364019810406,-2.37045736267921,-0.6813055364683179
0.27428271352131295,-0.5188912333709012,-1.2492513774939413,-0.09473665112966832,0.03468185413844223
-1.5471876324096032,1.044222370267082,1.3683950041178972,-1.831177913130078,-0.6700322605338402
-1.3972103360690085,1.0402616481529594,0.1336725743170218,-1.4573928810224634,-0.6786459702125281
1.4819830284179445,0.9451992006764447,-0.01707898656411328,0.565587217241195,-0.7824364599127891
1.508402964266833,0.9761503101687935,-0.04935096730134484,0.7264757619843292,-1.0961964898351035
-0.8034490224133681,0.9459921887742974,0.3567047503170001,-1.8243877339349521,-1.1037925754991609
-1.324976888996233,0.9890353745964104,0.5435916601009193,-1.2731491874547254,-1.0275151304620744
0.20975268019636342,-1.313771550139824,0.498728741753391,1.5802122063556312,1.631054283184758
-0.25538631153212804,-0.7284230886286115,-0.9928790915924567,-0.575217099181898,-0.021308253206786767
-0.28236765055432683,-0.6622686709660338,-1.2579588646960067,-0.2623005275940305,0.03529805341399781
-1.7702282454731444,1.1014637853170517,0.6221573907146218,-1.5661135324627915,0.020490419029340467
0.411910361406712,-1.349236675897168,1.08289523343728,1.2978434190285446,1.5355356139482237
1.7364590220395202,1.2079883235374644,0.3088354126816068,0.34256390378115875,-0.8932953569179295
-0.6530868079935245,-1.4626936959091104,0.96277435121872,1.1241429984275961,1.9850896894856587
0.2239261681619842,-0.581842123704854,-1.9724423229346155,0.1623920438306199,-0.141582997644516
1.6112676879116163,0.9824031047664362,1.0223185391586456,1.1311191411985304,-0.8156515263795825
0.09067938484274421,-0.6087338937397719,-1.1176420478625033,-0.17047570790280703,-0.13138495152215027
-0.5896075213118007,-0.7702007739639617,-1.5322014230428753,-0.6907632984901755,-0.2368311922280373
-0.4790817517329535,-0.5636345342904479,-1.213308087681683,-0.5428723303364662,-0.020093976208309605
-1.2273300927555748,0.8040109222700308,0.9142889827385199,-1.4875492995245188,-0.9929204204293421
-0.2399124159938157,-0.5742903385440588,-1.5593854720807478,-0.39379664359333166,0.08941000631709803
-1.2401545726397967,0.727134251938527,0.4373781041225125,-1.1246226041429974,-0.6802929572304657
0.34797585977075357,-1.1709826520519528,0.8074799902281025,0.8192886271380159,1.663558233961842
2.0916421379389294,0.9653777818717458,0.038661212409837685,0.7743282946211301,-1.2058909414806185
-0.33206856086712006,-0.8327122489137417,-1.5621384896665742,0.07564799840928706,-0.2263051360808349
0.010712426874779617,-1.325033134308612,1.0904510932612088,1.14255155444278,1.7969389291922164
0.19834497744781163,-0.5986199435016054,-1.5850920139662104,-0.23724206749577692,-0.12706407835250735
-1.5968073158787564,1.167214837269625,0.614922573626779,-1.50655095828634,-0.5209850172853324
1.5824522137980643,1.124400043313728,0.2833161607403459,1.4399761585909028,-0.9549877483473089
-0.40978748189034997,-1.201496728871913,1.2236004599168662,0.9970606364182576,1.2759873280393625
0.45102234272963476,-0.655950492730789,-1.4274074787546827,-0.3843179032169047,-0.2673857645331325
0.27194212323805445,-0.8006265863850672,-1.4127881738858756,0.420011663232359,-0.3988515726131409
-0.0019506474069606262,-0.7687796262450822,-1.2663555198090157,0.08040513439752801,-0.5488097335515413
0.20743896776883675,-0.6747417582244605,-1.10419564461864,-0.2995816554951714,-0.07547975491976326
-0.13496715728373992,-1.3743743132833632,0.6713134014445811,0.3909238840816684,1.416971253774607
-1.1926968540708947,-1.2870395200913196,0.8040038237922702,1.0192913671223849,2.021050522239093
0.5519017590475511,-0.847768079851218,-1.5004164471828274,-0.5739879403375473,-0.11927339168189302
1.2255746019058793,0.8622451026603813,0.564392144288031,0.9175882653986795,-1.0625327482109574
-0.49855491846932615,-0.8566354336393108,-1.1082626435678151,-0.3877875883340167,0.13569859775455048
-0.09740594808916156,-0.9744183651141078,0.6621710335187986,0.6525851075456747,1.4823635370125374
-0.3717932139894764,-1.1459043285676322,0.8710932023645729,0.7596711898853151,1.8107058001044072
1.3733720157017013,1.0686410157608388,0.07495068640035399,0.6038026241801282,-0.7090267898546881
1.5268633480892078,0.8589196359679562,0.02984151592616797,0.8841481521814236,-0.9434395211229429
0.307115583943893,-1.1658809582100458,0.3369638860038672,0.5155394180477355,1.8231507373650488
-0.44241496579089795,-1.3405538218392166,0.7728300436431064,0.9380017204284821,1.7320796520846922
0.31347782021880305,-0.9939014206862651,0.7580154613697361,0.678132091858909,1.934852725435073
-0.062105573731340874,-0.6618972843735466,-1.845614459231513,0.021614620729149162,-0.31034409150820474
1.231290994498614,0.8377651411892996,0.23836294788294277,0.5407634812412733,-0.7721826176989897
0.18130506005861127,-1.3680163365249196,0.3934589178531776,0.3461112344044069,1.7502039440322876
1.5727209821981833,1.1780750310036483,0.417947151549727,1.272641232746179,-0.8991748353150629
0.199889755745394,-0.6245672792966327,-1.359985434642393,-0.5961237320584152,0.029706487254504903
0.1078217633063878,-0.589486032491277,-1.8932559923710723,0.11074726107357535,-0.21502086192192915
-0.5638518640390632,-1.308258621492819,1.0762949440062397,0.5218992927177788,1.6411122290669895
0.40872678134350676,-1.3126133772439066,0.36044814223116517,0.7378231326377286,1.558721820233696
-0.21284685404062298,-1.1341887121427645,1.0740454724907535,0.7005097756107654,1.7863086728940722
-0.3534776414184445,-0.62416882042545,-1.5131642840679818,-0.1899542831414271,-0.3637926885880431
-0.9205196299136144,1.0389355193657193,1.0989678581905866,-1.3110270897128822,-0.7054803663805692
-0.27814724427371806,-1.3527361902091466,0.5307240811826421,0.6172411412585761,1.3514451100993012
-0.05061722276027557,-0.5640936067681857,-1.6484795585696563,-0.6798231851720411,0.18273515835610638
1.0492913706300229,0.7435149633283524,0.019803856192596177,0.5705651810585477,-1.0976963361620609
1.245491943606328,0.9009384898542376,-0.3308478802660952,0.7483792964211982,-0.6997319149976358
1.3426827550937928,1.0891015933239878,0.03757009517264051,0.8974544223819813,-0.8775282419295508
-0.6176119637664764,-1.345615667715393,1.0551397102032076,0.4460651232726008,1.773517474990157
0.1459032869084559,-0.5130527675180744,-1.8696246798164908,0.003503994217680866,0.06134435210427517
1.9971648288868924,0.7717108244189577,-0.6450183500565401,0.7799753575886137,-0.7040868738709116
0.7903366678060721,0.9353989764222826,-0.4733547774472858,0.6017956798383777,-0.7774488977885292
-0.19097168827123467,-1.3761918320547326,0.9660286844004352,0.34633042307149464,1.6902512716068612
-0.09941737806934624,-0.9166164581890888,-1.2746630299007218,-0.5700629958596445,-0.18545156338214128
0.6569592163144666,0.9668572420010924,-0.2818657375604128,1.051293339911402,-0.9604731577465625
-0.002316866306053436,-0.6681531451673085,-1.6105221817774897,-0.1533812630382074,-0.018716669110023558
2.014705946229742,0.9843560216183698,-0.1275232112053413,1.044412311105962,-1.2695991035593415
-1.2756802598401218,0.9530825400387349,0.9211241188856383,-1.120644127031242,-0.3711806736344499
1.3576999181943579,1.0065370082242784,0.25071191987558794,0.43790773917024317,-0.8606675340936435
-0.3647677811699828,-1.1000254321165588,0.9530480427959086,1.1195849514141056,1.2944362759358252
-0.16157464651211187,-1.26155284436093,0.7577457275479695,0.7942385627917836,1.6852223145170229
0.561723610557164,-0.8068304121423665,-1.816089147014179,0.10433759227752651,-0.13935058917596901
0.36525303535846565,-1.404641311876754,1.2277033572713236,0.7473117568964618,1.6073716909212545
-0.4609654918383479,-1.362853795347969,0.39550062180662576,1.3340538071884815,1.3471037571704716
-1.2880671969107826,1.1916820999612403,0.8204738424310531,-1.2925912947129576,-0.5308634258254085
0.15107646573092506,-0.49239695863224003,-1.2694220988310825,-0.6488968313895114,0.030715376968425426
-0.3315819783960662,-1.320342183309292,1.6085777220540296,0.925382632533885,1.7118592311108654
-0.9305072188796384,-0.7026222498694276,-1.1123518707471327,0.38542829199891665,-0.46643867615607043
-1.7892803082711557,1.1365464833256405,0.39317986525720305,-1.754298752238502,-0.6316044299767468
0.2181309905350699,-0.8468561159471497,-2.296765510678479,-0.3642629481319588,-0.46451299589071954
-0.6547822145387289,-0.6271754575794928,-1.6719840167258695,-0.22411466827047682,-0.12275018371249762
-0.028655563417073083,-0.8560766808186084,-1.6206799246481636,0.06630497797190597,-0.07317013971151848
-0.19892584029265922,-0.8796807973049555,-1.8854780680763097,0.16952404133691648,-0.2324825921796504
1.5802223808154792,0.7791686340603013,0.587404633279269,1.1490077392994642,-0.8900140226803481
0.18125234544224259,-0.660794274647288,-1.4937390620252278,-0.39706809597461246,-0.04623174325879693
1.5342544208333182,0.8265493968415756,-0.23029356236035411,0.48006536397002453,-0.8014356063942496
0.016272890217151066,-0.6454013671669151,-1.4111473098123897,-0.2664505946516412,0.1261402690592801
-1.587532576548697,0.9534325304115006,0.43678881035462463,-1.5680532543377204,-0.6629654367672279
1.0615334284596167,1.0519576838403786,0.4215095936562317,0.9201142025975951,-0.3788105831374756
0.034968269734768825,-0.47403260191970503,-1.928216524722785,-0.6382724678037416,-0.16260876976069802
-0.15872013284389164,-0.9613653348226366,0.8510278864948518,1.1546743864612594,1.4649231600432462
1.5887014098260528,1.0076330619598508,0.12843768801387928,1.9478262098806731,-0.6633763982321504
1.573369952946693,0.9345582368562032,-0.34636854767667563,0.34391536486889906,-0.8850760991053153
1.2209305543443671,0.889746631321281,0.08639203125130508,0.6707775146173729,-0.724633447303249
1.4626436887482959,0.9292242125269684,-0.15611362915610313,0.35476987494891354,-0.9446364382087983
-0.08384734198661178,-1.436127658384019,1.2066813631032711,0.7560032896214013,1.504245207434604
-0.9697398154412474,1.247757434554383,0.6565450722958515,-1.729721402695462,-0.7151642499560296
-0.7744308487627688,-1.3336064489802126,1.4077593412887066,1.0653134092852998,1.5421764598154177
-0.6860878173329246,0.9603060974080857,0.7499484252194845,-1.4343955365826886,-0.7045766534968815
1.0193215554008843,0.9199200029998629,-0.3564182267840406,0.38337308285844235,-0.5859568907945647
-1.371042394490045,1.0999923004621863,0.18001929970823116,-1.4744194381534397,-0.25280378246548374
-1.7171061250822048,0.7721098932023581,0.11737501079868412,-1.1349049466760337,-0.7955635623040762
-0.7755243854137283,0.8649131915826938,0.6708000326711975,-1.384046872998258,-0.5242773329931721
-1.1686573859170553,0.9634440911622179,0.422671832993334,-1.4617870236509691,-0.5790079178275168
-0.2647728088986229,-1.261999812161192,1.3051687417495021,0.5671424467297255,1.6984866449137062
0.27002454214727695,-0.6069206748619624,-1.9277128460964201,0.05996201100129313,-0.005164476551170812
